Server,Keyword,Search Time,Execution Time,Total Time,Rows Fetched
srv03812.soton.ac.uk,diabetes,8758,31704,32970,32691
srv03813.soton.ac.uk,diabetes,19922,31704,32970,32691
srv03814.soton.ac.uk,diabetes,18517,31704,32970,32691
srv03815.soton.ac.uk,diabetes,18564,31704,32970,32691
srv03816.soton.ac.uk,diabetes,29321,31704,32970,32691
srv03911.soton.ac.uk,diabetes,28798,31704,32970,32691
srv03912.soton.ac.uk,diabetes,18232,31704,32970,32691
srv03913.soton.ac.uk,diabetes,19696,31704,32970,32691
srv03914.soton.ac.uk,diabetes,25223,31704,32970,32691
srv03915.soton.ac.uk,diabetes,19395,31704,32970,32691
srv03916.soton.ac.uk,diabetes,18858,31704,32970,32691
srv03917.soton.ac.uk,diabetes,18654,31704,32970,32691
srv03918.soton.ac.uk,diabetes,19012,31704,32970,32691
srv03919.soton.ac.uk,diabetes,19744,31704,32970,32691
srv03920.soton.ac.uk,diabetes,19654,31704,32970,32691
srv03921.soton.ac.uk,diabetes,19442,31704,32970,32691
srv03922.soton.ac.uk,diabetes,18645,31704,32970,32691
srv03923.soton.ac.uk,diabetes,20172,31704,32970,32691
srv03924.soton.ac.uk,diabetes,18722,31704,32970,32691
srv03925.soton.ac.uk,diabetes,21568,31704,32970,32691
srv03926.soton.ac.uk,diabetes,31134,31704,32970,32691
srv03927.soton.ac.uk,diabetes,17222,31704,32970,32691
srv03928.soton.ac.uk,diabetes,18579,31704,32970,32691
srv03929.soton.ac.uk,diabetes,18067,31704,32970,32691
srv03930.soton.ac.uk,diabetes,15563,31704,32970,32691
srv03931.soton.ac.uk,diabetes,19290,31704,32970,32691
srv03932.soton.ac.uk,diabetes,28297,31704,32970,32691
srv03933.soton.ac.uk,diabetes,24681,31704,32970,32691
srv03934.soton.ac.uk,diabetes,17412,31704,32970,32691
srv03935.soton.ac.uk,diabetes,16126,31704,32970,32691
srv03936.soton.ac.uk,diabetes,17565,31704,32970,32691
srv03937.soton.ac.uk,diabetes,18822,31704,32970,32691
srv03938.soton.ac.uk,diabetes,17993,31704,32970,32691
srv03939.soton.ac.uk,diabetes,19355,31704,32970,32691
srv03940.soton.ac.uk,diabetes,18835,31704,32970,32691
srv03941.soton.ac.uk,diabetes,27272,31704,32970,32691
srv03942.soton.ac.uk,diabetes,30133,31704,32970,32691
srv03943.soton.ac.uk,diabetes,18137,31704,32970,32691
srv03944.soton.ac.uk,diabetes,19875,31704,32970,32691
srv03945.soton.ac.uk,diabetes,20499,31704,32970,32691
srv03946.soton.ac.uk,diabetes,24716,31704,32970,32691
srv03947.soton.ac.uk,diabetes,19652,31704,32970,32691
srv03948.soton.ac.uk,diabetes,19914,31704,32970,32691
srv03949.soton.ac.uk,diabetes,18009,31704,32970,32691
srv03950.soton.ac.uk,diabetes,19080,31704,32970,32691
srv03951.soton.ac.uk,diabetes,16716,31704,32970,32691
srv03952.soton.ac.uk,diabetes,17659,31704,32970,32691
srv03953.soton.ac.uk,diabetes,18568,31704,32970,32691
srv03954.soton.ac.uk,diabetes,19734,31704,32970,32691
srv03955.soton.ac.uk,diabetes,19835,31704,32970,32691
srv03812.soton.ac.uk,diabetes,8944,31822,33760,32691
srv03813.soton.ac.uk,diabetes,19836,31822,33760,32691
srv03814.soton.ac.uk,diabetes,17774,31822,33760,32691
srv03815.soton.ac.uk,diabetes,25551,31822,33760,32691
srv03816.soton.ac.uk,diabetes,28604,31822,33760,32691
srv03911.soton.ac.uk,diabetes,27000,31822,33760,32691
srv03912.soton.ac.uk,diabetes,18274,31822,33760,32691
srv03913.soton.ac.uk,diabetes,22918,31822,33760,32691
srv03914.soton.ac.uk,diabetes,17200,31822,33760,32691
srv03915.soton.ac.uk,diabetes,20639,31822,33760,32691
srv03916.soton.ac.uk,diabetes,18539,31822,33760,32691
srv03917.soton.ac.uk,diabetes,18393,31822,33760,32691
srv03918.soton.ac.uk,diabetes,23473,31822,33760,32691
srv03919.soton.ac.uk,diabetes,20032,31822,33760,32691
srv03920.soton.ac.uk,diabetes,19062,31822,33760,32691
srv03921.soton.ac.uk,diabetes,19236,31822,33760,32691
srv03922.soton.ac.uk,diabetes,18185,31822,33760,32691
srv03923.soton.ac.uk,diabetes,20454,31822,33760,32691
srv03924.soton.ac.uk,diabetes,18228,31822,33760,32691
srv03925.soton.ac.uk,diabetes,22059,31822,33760,32691
srv03926.soton.ac.uk,diabetes,28283,31822,33760,32691
srv03927.soton.ac.uk,diabetes,17292,31822,33760,32691
srv03928.soton.ac.uk,diabetes,19385,31822,33760,32691
srv03929.soton.ac.uk,diabetes,18150,31822,33760,32691
srv03930.soton.ac.uk,diabetes,15374,31822,33760,32691
srv03931.soton.ac.uk,diabetes,16763,31822,33760,32691
srv03932.soton.ac.uk,diabetes,27880,31822,33760,32691
srv03933.soton.ac.uk,diabetes,25177,31822,33760,32691
srv03934.soton.ac.uk,diabetes,18146,31822,33760,32691
srv03935.soton.ac.uk,diabetes,15367,31822,33760,32691
srv03936.soton.ac.uk,diabetes,17531,31822,33760,32691
srv03937.soton.ac.uk,diabetes,18103,31822,33760,32691
srv03938.soton.ac.uk,diabetes,18055,31822,33760,32691
srv03939.soton.ac.uk,diabetes,20338,31822,33760,32691
srv03940.soton.ac.uk,diabetes,18176,31822,33760,32691
srv03941.soton.ac.uk,diabetes,25729,31822,33760,32691
srv03942.soton.ac.uk,diabetes,28615,31822,33760,32691
srv03943.soton.ac.uk,diabetes,24860,31822,33760,32691
srv03944.soton.ac.uk,diabetes,19631,31822,33760,32691
srv03945.soton.ac.uk,diabetes,19380,31822,33760,32691
srv03946.soton.ac.uk,diabetes,25184,31822,33760,32691
srv03947.soton.ac.uk,diabetes,18934,31822,33760,32691
srv03948.soton.ac.uk,diabetes,18760,31822,33760,32691
srv03949.soton.ac.uk,diabetes,27460,31822,33760,32691
srv03950.soton.ac.uk,diabetes,19355,31822,33760,32691
srv03951.soton.ac.uk,diabetes,16158,31822,33760,32691
srv03952.soton.ac.uk,diabetes,16274,31822,33760,32691
srv03953.soton.ac.uk,diabetes,31671,31822,33760,32691
srv03954.soton.ac.uk,diabetes,18878,31822,33760,32691
srv03955.soton.ac.uk,diabetes,17659,31822,33760,32691
srv03812.soton.ac.uk,diabetes,8301,28966,30204,32691
srv03813.soton.ac.uk,diabetes,26356,28966,30204,32691
srv03814.soton.ac.uk,diabetes,17402,28966,30204,32691
srv03815.soton.ac.uk,diabetes,27223,28966,30204,32691
srv03816.soton.ac.uk,diabetes,28071,28966,30204,32691
srv03911.soton.ac.uk,diabetes,26547,28966,30204,32691
srv03912.soton.ac.uk,diabetes,18179,28966,30204,32691
srv03913.soton.ac.uk,diabetes,19725,28966,30204,32691
srv03914.soton.ac.uk,diabetes,18083,28966,30204,32691
srv03915.soton.ac.uk,diabetes,18950,28966,30204,32691
srv03916.soton.ac.uk,diabetes,19420,28966,30204,32691
srv03917.soton.ac.uk,diabetes,18168,28966,30204,32691
srv03918.soton.ac.uk,diabetes,17911,28966,30204,32691
srv03919.soton.ac.uk,diabetes,19706,28966,30204,32691
srv03920.soton.ac.uk,diabetes,18224,28966,30204,32691
srv03921.soton.ac.uk,diabetes,18727,28966,30204,32691
srv03922.soton.ac.uk,diabetes,18135,28966,30204,32691
srv03923.soton.ac.uk,diabetes,20365,28966,30204,32691
srv03924.soton.ac.uk,diabetes,23342,28966,30204,32691
srv03925.soton.ac.uk,diabetes,22147,28966,30204,32691
srv03926.soton.ac.uk,diabetes,28798,28966,30204,32691
srv03927.soton.ac.uk,diabetes,17272,28966,30204,32691
srv03928.soton.ac.uk,diabetes,19432,28966,30204,32691
srv03929.soton.ac.uk,diabetes,18061,28966,30204,32691
srv03930.soton.ac.uk,diabetes,15204,28966,30204,32691
srv03931.soton.ac.uk,diabetes,16779,28966,30204,32691
srv03932.soton.ac.uk,diabetes,27395,28966,30204,32691
srv03933.soton.ac.uk,diabetes,28756,28966,30204,32691
srv03934.soton.ac.uk,diabetes,17953,28966,30204,32691
srv03935.soton.ac.uk,diabetes,19635,28966,30204,32691
srv03936.soton.ac.uk,diabetes,16898,28966,30204,32691
srv03937.soton.ac.uk,diabetes,18513,28966,30204,32691
srv03938.soton.ac.uk,diabetes,27183,28966,30204,32691
srv03939.soton.ac.uk,diabetes,27669,28966,30204,32691
srv03940.soton.ac.uk,diabetes,18249,28966,30204,32691
srv03941.soton.ac.uk,diabetes,26646,28966,30204,32691
srv03942.soton.ac.uk,diabetes,18012,28966,30204,32691
srv03943.soton.ac.uk,diabetes,23119,28966,30204,32691
srv03944.soton.ac.uk,diabetes,20213,28966,30204,32691
srv03945.soton.ac.uk,diabetes,20564,28966,30204,32691
srv03946.soton.ac.uk,diabetes,27476,28966,30204,32691
srv03947.soton.ac.uk,diabetes,17957,28966,30204,32691
srv03948.soton.ac.uk,diabetes,18354,28966,30204,32691
srv03949.soton.ac.uk,diabetes,27206,28966,30204,32691
srv03950.soton.ac.uk,diabetes,19279,28966,30204,32691
srv03951.soton.ac.uk,diabetes,16005,28966,30204,32691
srv03952.soton.ac.uk,diabetes,16635,28966,30204,32691
srv03953.soton.ac.uk,diabetes,28051,28966,30204,32691
srv03954.soton.ac.uk,diabetes,18673,28966,30204,32691
srv03955.soton.ac.uk,diabetes,17617,28966,30204,32691
srv03812.soton.ac.uk,diabetes,8422,30055,32695,32691
srv03813.soton.ac.uk,diabetes,19907,30055,32695,32691
srv03814.soton.ac.uk,diabetes,17233,30055,32695,32691
srv03815.soton.ac.uk,diabetes,27172,30055,32695,32691
srv03816.soton.ac.uk,diabetes,29104,30055,32695,32691
srv03911.soton.ac.uk,diabetes,26529,30055,32695,32691
srv03912.soton.ac.uk,diabetes,18049,30055,32695,32691
srv03913.soton.ac.uk,diabetes,19045,30055,32695,32691
srv03914.soton.ac.uk,diabetes,19223,30055,32695,32691
srv03915.soton.ac.uk,diabetes,19035,30055,32695,32691
srv03916.soton.ac.uk,diabetes,18449,30055,32695,32691
srv03917.soton.ac.uk,diabetes,18938,30055,32695,32691
srv03918.soton.ac.uk,diabetes,19605,30055,32695,32691
srv03919.soton.ac.uk,diabetes,20484,30055,32695,32691
srv03920.soton.ac.uk,diabetes,18721,30055,32695,32691
srv03921.soton.ac.uk,diabetes,18230,30055,32695,32691
srv03922.soton.ac.uk,diabetes,19554,30055,32695,32691
srv03923.soton.ac.uk,diabetes,22044,30055,32695,32691
srv03924.soton.ac.uk,diabetes,16715,30055,32695,32691
srv03925.soton.ac.uk,diabetes,20404,30055,32695,32691
srv03926.soton.ac.uk,diabetes,29895,30055,32695,32691
srv03927.soton.ac.uk,diabetes,17176,30055,32695,32691
srv03928.soton.ac.uk,diabetes,18120,30055,32695,32691
srv03929.soton.ac.uk,diabetes,17321,30055,32695,32691
srv03930.soton.ac.uk,diabetes,15721,30055,32695,32691
srv03931.soton.ac.uk,diabetes,18534,30055,32695,32691
srv03932.soton.ac.uk,diabetes,28176,30055,32695,32691
srv03933.soton.ac.uk,diabetes,28184,30055,32695,32691
srv03934.soton.ac.uk,diabetes,17230,30055,32695,32691
srv03935.soton.ac.uk,diabetes,22462,30055,32695,32691
srv03936.soton.ac.uk,diabetes,22529,30055,32695,32691
srv03937.soton.ac.uk,diabetes,17859,30055,32695,32691
srv03938.soton.ac.uk,diabetes,24817,30055,32695,32691
srv03939.soton.ac.uk,diabetes,29218,30055,32695,32691
srv03940.soton.ac.uk,diabetes,18196,30055,32695,32691
srv03941.soton.ac.uk,diabetes,26150,30055,32695,32691
srv03942.soton.ac.uk,diabetes,17609,30055,32695,32691
srv03943.soton.ac.uk,diabetes,24009,30055,32695,32691
srv03944.soton.ac.uk,diabetes,19577,30055,32695,32691
srv03945.soton.ac.uk,diabetes,19371,30055,32695,32691
srv03946.soton.ac.uk,diabetes,24094,30055,32695,32691
srv03947.soton.ac.uk,diabetes,23888,30055,32695,32691
srv03948.soton.ac.uk,diabetes,18641,30055,32695,32691
srv03949.soton.ac.uk,diabetes,24331,30055,32695,32691
srv03950.soton.ac.uk,diabetes,19190,30055,32695,32691
srv03951.soton.ac.uk,diabetes,15972,30055,32695,32691
srv03952.soton.ac.uk,diabetes,16849,30055,32695,32691
srv03953.soton.ac.uk,diabetes,26769,30055,32695,32691
srv03954.soton.ac.uk,diabetes,18905,30055,32695,32691
srv03955.soton.ac.uk,diabetes,17276,30055,32695,32691
srv03812.soton.ac.uk,carpal,8004,28980,29368,6640
srv03813.soton.ac.uk,carpal,17411,28980,29368,6640
srv03814.soton.ac.uk,carpal,16829,28980,29368,6640
srv03815.soton.ac.uk,carpal,25920,28980,29368,6640
srv03816.soton.ac.uk,carpal,27271,28980,29368,6640
srv03911.soton.ac.uk,carpal,25717,28980,29368,6640
srv03912.soton.ac.uk,carpal,17456,28980,29368,6640
srv03913.soton.ac.uk,carpal,18445,28980,29368,6640
srv03914.soton.ac.uk,carpal,17295,28980,29368,6640
srv03915.soton.ac.uk,carpal,19092,28980,29368,6640
srv03916.soton.ac.uk,carpal,17878,28980,29368,6640
srv03917.soton.ac.uk,carpal,18657,28980,29368,6640
srv03918.soton.ac.uk,carpal,18617,28980,29368,6640
srv03919.soton.ac.uk,carpal,22532,28980,29368,6640
srv03920.soton.ac.uk,carpal,21175,28980,29368,6640
srv03921.soton.ac.uk,carpal,17894,28980,29368,6640
srv03922.soton.ac.uk,carpal,18064,28980,29368,6640
srv03923.soton.ac.uk,carpal,19807,28980,29368,6640
srv03924.soton.ac.uk,carpal,19113,28980,29368,6640
srv03925.soton.ac.uk,carpal,21112,28980,29368,6640
srv03926.soton.ac.uk,carpal,28786,28980,29368,6640
srv03927.soton.ac.uk,carpal,17099,28980,29368,6640
srv03928.soton.ac.uk,carpal,19440,28980,29368,6640
srv03929.soton.ac.uk,carpal,16958,28980,29368,6640
srv03930.soton.ac.uk,carpal,17502,28980,29368,6640
srv03931.soton.ac.uk,carpal,16368,28980,29368,6640
srv03932.soton.ac.uk,carpal,26798,28980,29368,6640
srv03933.soton.ac.uk,carpal,26343,28980,29368,6640
srv03934.soton.ac.uk,carpal,20615,28980,29368,6640
srv03935.soton.ac.uk,carpal,23878,28980,29368,6640
srv03936.soton.ac.uk,carpal,22838,28980,29368,6640
srv03937.soton.ac.uk,carpal,17956,28980,29368,6640
srv03938.soton.ac.uk,carpal,23685,28980,29368,6640
srv03939.soton.ac.uk,carpal,26518,28980,29368,6640
srv03940.soton.ac.uk,carpal,26478,28980,29368,6640
srv03941.soton.ac.uk,carpal,25623,28980,29368,6640
srv03942.soton.ac.uk,carpal,18047,28980,29368,6640
srv03943.soton.ac.uk,carpal,21546,28980,29368,6640
srv03944.soton.ac.uk,carpal,19283,28980,29368,6640
srv03945.soton.ac.uk,carpal,19234,28980,29368,6640
srv03946.soton.ac.uk,carpal,22910,28980,29368,6640
srv03947.soton.ac.uk,carpal,25732,28980,29368,6640
srv03948.soton.ac.uk,carpal,17958,28980,29368,6640
srv03949.soton.ac.uk,carpal,18546,28980,29368,6640
srv03950.soton.ac.uk,carpal,22055,28980,29368,6640
srv03951.soton.ac.uk,carpal,15593,28980,29368,6640
srv03952.soton.ac.uk,carpal,16664,28980,29368,6640
srv03953.soton.ac.uk,carpal,26745,28980,29368,6640
srv03954.soton.ac.uk,carpal,18600,28980,29368,6640
srv03955.soton.ac.uk,carpal,16348,28980,29368,6640
srv03812.soton.ac.uk,carpal,8069,29185,29474,6640
srv03813.soton.ac.uk,carpal,18924,29185,29474,6640
srv03814.soton.ac.uk,carpal,17448,29185,29474,6640
srv03815.soton.ac.uk,carpal,24540,29185,29474,6640
srv03816.soton.ac.uk,carpal,26426,29185,29474,6640
srv03911.soton.ac.uk,carpal,22158,29185,29474,6640
srv03912.soton.ac.uk,carpal,17304,29185,29474,6640
srv03913.soton.ac.uk,carpal,18282,29185,29474,6640
srv03914.soton.ac.uk,carpal,16536,29185,29474,6640
srv03915.soton.ac.uk,carpal,17751,29185,29474,6640
srv03916.soton.ac.uk,carpal,18397,29185,29474,6640
srv03917.soton.ac.uk,carpal,17505,29185,29474,6640
srv03918.soton.ac.uk,carpal,17929,29185,29474,6640
srv03919.soton.ac.uk,carpal,18699,29185,29474,6640
srv03920.soton.ac.uk,carpal,19876,29185,29474,6640
srv03921.soton.ac.uk,carpal,17297,29185,29474,6640
srv03922.soton.ac.uk,carpal,17334,29185,29474,6640
srv03923.soton.ac.uk,carpal,19555,29185,29474,6640
srv03924.soton.ac.uk,carpal,19402,29185,29474,6640
srv03925.soton.ac.uk,carpal,19296,29185,29474,6640
srv03926.soton.ac.uk,carpal,28587,29185,29474,6640
srv03927.soton.ac.uk,carpal,16540,29185,29474,6640
srv03928.soton.ac.uk,carpal,17445,29185,29474,6640
srv03929.soton.ac.uk,carpal,16424,29185,29474,6640
srv03930.soton.ac.uk,carpal,19763,29185,29474,6640
srv03931.soton.ac.uk,carpal,18065,29185,29474,6640
srv03932.soton.ac.uk,carpal,27710,29185,29474,6640
srv03933.soton.ac.uk,carpal,27748,29185,29474,6640
srv03934.soton.ac.uk,carpal,22879,29185,29474,6640
srv03935.soton.ac.uk,carpal,24930,29185,29474,6640
srv03936.soton.ac.uk,carpal,26880,29185,29474,6640
srv03937.soton.ac.uk,carpal,17688,29185,29474,6640
srv03938.soton.ac.uk,carpal,22898,29185,29474,6640
srv03939.soton.ac.uk,carpal,27471,29185,29474,6640
srv03940.soton.ac.uk,carpal,26818,29185,29474,6640
srv03941.soton.ac.uk,carpal,24280,29185,29474,6640
srv03942.soton.ac.uk,carpal,16351,29185,29474,6640
srv03943.soton.ac.uk,carpal,22192,29185,29474,6640
srv03944.soton.ac.uk,carpal,18866,29185,29474,6640
srv03945.soton.ac.uk,carpal,25160,29185,29474,6640
srv03946.soton.ac.uk,carpal,22303,29185,29474,6640
srv03947.soton.ac.uk,carpal,28439,29185,29474,6640
srv03948.soton.ac.uk,carpal,17392,29185,29474,6640
srv03949.soton.ac.uk,carpal,18510,29185,29474,6640
srv03950.soton.ac.uk,carpal,17709,29185,29474,6640
srv03951.soton.ac.uk,carpal,14880,29185,29474,6640
srv03952.soton.ac.uk,carpal,15614,29185,29474,6640
srv03953.soton.ac.uk,carpal,27017,29185,29474,6640
srv03954.soton.ac.uk,carpal,29058,29185,29474,6640
srv03955.soton.ac.uk,carpal,18041,29185,29474,6640
srv03812.soton.ac.uk,carpal,7774,29525,29836,6640
srv03813.soton.ac.uk,carpal,18507,29525,29836,6640
srv03814.soton.ac.uk,carpal,17018,29525,29836,6640
srv03815.soton.ac.uk,carpal,18143,29525,29836,6640
srv03816.soton.ac.uk,carpal,25833,29525,29836,6640
srv03911.soton.ac.uk,carpal,17152,29525,29836,6640
srv03912.soton.ac.uk,carpal,18192,29525,29836,6640
srv03913.soton.ac.uk,carpal,19190,29525,29836,6640
srv03914.soton.ac.uk,carpal,17564,29525,29836,6640
srv03915.soton.ac.uk,carpal,18380,29525,29836,6640
srv03916.soton.ac.uk,carpal,18075,29525,29836,6640
srv03917.soton.ac.uk,carpal,18050,29525,29836,6640
srv03918.soton.ac.uk,carpal,18109,29525,29836,6640
srv03919.soton.ac.uk,carpal,22224,29525,29836,6640
srv03920.soton.ac.uk,carpal,18346,29525,29836,6640
srv03921.soton.ac.uk,carpal,17192,29525,29836,6640
srv03922.soton.ac.uk,carpal,17774,29525,29836,6640
srv03923.soton.ac.uk,carpal,20599,29525,29836,6640
srv03924.soton.ac.uk,carpal,18723,29525,29836,6640
srv03925.soton.ac.uk,carpal,20002,29525,29836,6640
srv03926.soton.ac.uk,carpal,29407,29525,29836,6640
srv03927.soton.ac.uk,carpal,16176,29525,29836,6640
srv03928.soton.ac.uk,carpal,18270,29525,29836,6640
srv03929.soton.ac.uk,carpal,21822,29525,29836,6640
srv03930.soton.ac.uk,carpal,19152,29525,29836,6640
srv03931.soton.ac.uk,carpal,16918,29525,29836,6640
srv03932.soton.ac.uk,carpal,26177,29525,29836,6640
srv03933.soton.ac.uk,carpal,26678,29525,29836,6640
srv03934.soton.ac.uk,carpal,25204,29525,29836,6640
srv03935.soton.ac.uk,carpal,25245,29525,29836,6640
srv03936.soton.ac.uk,carpal,25770,29525,29836,6640
srv03937.soton.ac.uk,carpal,24247,29525,29836,6640
srv03938.soton.ac.uk,carpal,23450,29525,29836,6640
srv03939.soton.ac.uk,carpal,26367,29525,29836,6640
srv03940.soton.ac.uk,carpal,25131,29525,29836,6640
srv03941.soton.ac.uk,carpal,28145,29525,29836,6640
srv03942.soton.ac.uk,carpal,16232,29525,29836,6640
srv03943.soton.ac.uk,carpal,22359,29525,29836,6640
srv03944.soton.ac.uk,carpal,24962,29525,29836,6640
srv03945.soton.ac.uk,carpal,18840,29525,29836,6640
srv03946.soton.ac.uk,carpal,22152,29525,29836,6640
srv03947.soton.ac.uk,carpal,29070,29525,29836,6640
srv03948.soton.ac.uk,carpal,17559,29525,29836,6640
srv03949.soton.ac.uk,carpal,18402,29525,29836,6640
srv03950.soton.ac.uk,carpal,16971,29525,29836,6640
srv03951.soton.ac.uk,carpal,14660,29525,29836,6640
srv03952.soton.ac.uk,carpal,15831,29525,29836,6640
srv03953.soton.ac.uk,carpal,27429,29525,29836,6640
srv03954.soton.ac.uk,carpal,27310,29525,29836,6640
srv03955.soton.ac.uk,carpal,24590,29525,29836,6640
srv03812.soton.ac.uk,crohns,13379,31723,31822,625
srv03813.soton.ac.uk,crohns,19684,31723,31822,625
srv03814.soton.ac.uk,crohns,16892,31723,31822,625
srv03815.soton.ac.uk,crohns,18978,31723,31822,625
srv03816.soton.ac.uk,crohns,25876,31723,31822,625
srv03911.soton.ac.uk,crohns,16558,31723,31822,625
srv03912.soton.ac.uk,crohns,17722,31723,31822,625
srv03913.soton.ac.uk,crohns,18196,31723,31822,625
srv03914.soton.ac.uk,crohns,17633,31723,31822,625
srv03915.soton.ac.uk,crohns,17919,31723,31822,625
srv03916.soton.ac.uk,crohns,24013,31723,31822,625
srv03917.soton.ac.uk,crohns,17978,31723,31822,625
srv03918.soton.ac.uk,crohns,17841,31723,31822,625
srv03919.soton.ac.uk,crohns,17693,31723,31822,625
srv03920.soton.ac.uk,crohns,17668,31723,31822,625
srv03921.soton.ac.uk,crohns,19925,31723,31822,625
srv03922.soton.ac.uk,crohns,17349,31723,31822,625
srv03923.soton.ac.uk,crohns,19943,31723,31822,625
srv03924.soton.ac.uk,crohns,18960,31723,31822,625
srv03925.soton.ac.uk,crohns,19538,31723,31822,625
srv03926.soton.ac.uk,crohns,27983,31723,31822,625
srv03927.soton.ac.uk,crohns,23408,31723,31822,625
srv03928.soton.ac.uk,crohns,17635,31723,31822,625
srv03929.soton.ac.uk,crohns,18213,31723,31822,625
srv03930.soton.ac.uk,crohns,19858,31723,31822,625
srv03931.soton.ac.uk,crohns,18991,31723,31822,625
srv03932.soton.ac.uk,crohns,25801,31723,31822,625
srv03933.soton.ac.uk,crohns,26101,31723,31822,625
srv03934.soton.ac.uk,crohns,24726,31723,31822,625
srv03935.soton.ac.uk,crohns,24153,31723,31822,625
srv03936.soton.ac.uk,crohns,26392,31723,31822,625
srv03937.soton.ac.uk,crohns,17961,31723,31822,625
srv03938.soton.ac.uk,crohns,23269,31723,31822,625
srv03939.soton.ac.uk,crohns,29456,31723,31822,625
srv03940.soton.ac.uk,crohns,25893,31723,31822,625
srv03941.soton.ac.uk,crohns,24504,31723,31822,625
srv03942.soton.ac.uk,crohns,17148,31723,31822,625
srv03943.soton.ac.uk,crohns,22655,31723,31822,625
srv03944.soton.ac.uk,crohns,18423,31723,31822,625
srv03945.soton.ac.uk,crohns,18707,31723,31822,625
srv03946.soton.ac.uk,crohns,25065,31723,31822,625
srv03947.soton.ac.uk,crohns,29005,31723,31822,625
srv03948.soton.ac.uk,crohns,31320,31723,31822,625
srv03949.soton.ac.uk,crohns,18329,31723,31822,625
srv03950.soton.ac.uk,crohns,25905,31723,31822,625
srv03951.soton.ac.uk,crohns,14721,31723,31822,625
srv03952.soton.ac.uk,crohns,20579,31723,31822,625
srv03953.soton.ac.uk,crohns,17761,31723,31822,625
srv03954.soton.ac.uk,crohns,25908,31723,31822,625
srv03955.soton.ac.uk,crohns,25639,31723,31822,625
srv03812.soton.ac.uk,crohns,10125,26362,26407,625
srv03813.soton.ac.uk,crohns,19629,26362,26407,625
srv03814.soton.ac.uk,crohns,24070,26362,26407,625
srv03815.soton.ac.uk,crohns,19057,26362,26407,625
srv03816.soton.ac.uk,crohns,26252,26362,26407,625
srv03911.soton.ac.uk,crohns,17813,26362,26407,625
srv03912.soton.ac.uk,crohns,18443,26362,26407,625
srv03913.soton.ac.uk,crohns,18499,26362,26407,625
srv03914.soton.ac.uk,crohns,17963,26362,26407,625
srv03915.soton.ac.uk,crohns,18720,26362,26407,625
srv03916.soton.ac.uk,crohns,18785,26362,26407,625
srv03917.soton.ac.uk,crohns,18168,26362,26407,625
srv03918.soton.ac.uk,crohns,17893,26362,26407,625
srv03919.soton.ac.uk,crohns,18941,26362,26407,625
srv03920.soton.ac.uk,crohns,17242,26362,26407,625
srv03921.soton.ac.uk,crohns,18772,26362,26407,625
srv03922.soton.ac.uk,crohns,17707,26362,26407,625
srv03923.soton.ac.uk,crohns,19911,26362,26407,625
srv03924.soton.ac.uk,crohns,17646,26362,26407,625
srv03925.soton.ac.uk,crohns,21407,26362,26407,625
srv03926.soton.ac.uk,crohns,20629,26362,26407,625
srv03927.soton.ac.uk,crohns,25771,26362,26407,625
srv03928.soton.ac.uk,crohns,18440,26362,26407,625
srv03929.soton.ac.uk,crohns,19381,26362,26407,625
srv03930.soton.ac.uk,crohns,16135,26362,26407,625
srv03931.soton.ac.uk,crohns,24227,26362,26407,625
srv03932.soton.ac.uk,crohns,16978,26362,26407,625
srv03933.soton.ac.uk,crohns,17288,26362,26407,625
srv03934.soton.ac.uk,crohns,23852,26362,26407,625
srv03935.soton.ac.uk,crohns,15810,26362,26407,625
srv03936.soton.ac.uk,crohns,17592,26362,26407,625
srv03937.soton.ac.uk,crohns,17534,26362,26407,625
srv03938.soton.ac.uk,crohns,16400,26362,26407,625
srv03939.soton.ac.uk,crohns,17631,26362,26407,625
srv03940.soton.ac.uk,crohns,18940,26362,26407,625
srv03941.soton.ac.uk,crohns,24779,26362,26407,625
srv03942.soton.ac.uk,crohns,17759,26362,26407,625
srv03943.soton.ac.uk,crohns,17832,26362,26407,625
srv03944.soton.ac.uk,crohns,19354,26362,26407,625
srv03945.soton.ac.uk,crohns,19703,26362,26407,625
srv03946.soton.ac.uk,crohns,16040,26362,26407,625
srv03947.soton.ac.uk,crohns,18998,26362,26407,625
srv03948.soton.ac.uk,crohns,19459,26362,26407,625
srv03949.soton.ac.uk,crohns,16916,26362,26407,625
srv03950.soton.ac.uk,crohns,19000,26362,26407,625
srv03951.soton.ac.uk,crohns,16073,26362,26407,625
srv03952.soton.ac.uk,crohns,19032,26362,26407,625
srv03953.soton.ac.uk,crohns,17957,26362,26407,625
srv03954.soton.ac.uk,crohns,17393,26362,26407,625
srv03955.soton.ac.uk,crohns,17603,26362,26407,625
srv03812.soton.ac.uk,crohns,8299,24527,24590,625
srv03813.soton.ac.uk,crohns,18541,24527,24590,625
srv03814.soton.ac.uk,crohns,18000,24527,24590,625
srv03815.soton.ac.uk,crohns,18791,24527,24590,625
srv03816.soton.ac.uk,crohns,24451,24527,24590,625
srv03911.soton.ac.uk,crohns,17414,24527,24590,625
srv03912.soton.ac.uk,crohns,19968,24527,24590,625
srv03913.soton.ac.uk,crohns,19688,24527,24590,625
srv03914.soton.ac.uk,crohns,18187,24527,24590,625
srv03915.soton.ac.uk,crohns,18183,24527,24590,625
srv03916.soton.ac.uk,crohns,18373,24527,24590,625
srv03917.soton.ac.uk,crohns,18672,24527,24590,625
srv03918.soton.ac.uk,crohns,17873,24527,24590,625
srv03919.soton.ac.uk,crohns,18175,24527,24590,625
srv03920.soton.ac.uk,crohns,17984,24527,24590,625
srv03921.soton.ac.uk,crohns,18106,24527,24590,625
srv03922.soton.ac.uk,crohns,18449,24527,24590,625
srv03923.soton.ac.uk,crohns,21425,24527,24590,625
srv03924.soton.ac.uk,crohns,18205,24527,24590,625
srv03925.soton.ac.uk,crohns,20387,24527,24590,625
srv03926.soton.ac.uk,crohns,20018,24527,24590,625
srv03927.soton.ac.uk,crohns,17203,24527,24590,625
srv03928.soton.ac.uk,crohns,18398,24527,24590,625
srv03929.soton.ac.uk,crohns,18461,24527,24590,625
srv03930.soton.ac.uk,crohns,15851,24527,24590,625
srv03931.soton.ac.uk,crohns,18849,24527,24590,625
srv03932.soton.ac.uk,crohns,17313,24527,24590,625
srv03933.soton.ac.uk,crohns,17905,24527,24590,625
srv03934.soton.ac.uk,crohns,23346,24527,24590,625
srv03935.soton.ac.uk,crohns,15386,24527,24590,625
srv03936.soton.ac.uk,crohns,17223,24527,24590,625
srv03937.soton.ac.uk,crohns,18245,24527,24590,625
srv03938.soton.ac.uk,crohns,15888,24527,24590,625
srv03939.soton.ac.uk,crohns,17814,24527,24590,625
srv03940.soton.ac.uk,crohns,18929,24527,24590,625
srv03941.soton.ac.uk,crohns,23928,24527,24590,625
srv03942.soton.ac.uk,crohns,16601,24527,24590,625
srv03943.soton.ac.uk,crohns,18592,24527,24590,625
srv03944.soton.ac.uk,crohns,19727,24527,24590,625
srv03945.soton.ac.uk,crohns,20858,24527,24590,625
srv03946.soton.ac.uk,crohns,16093,24527,24590,625
srv03947.soton.ac.uk,crohns,18392,24527,24590,625
srv03948.soton.ac.uk,crohns,19354,24527,24590,625
srv03949.soton.ac.uk,crohns,15995,24527,24590,625
srv03950.soton.ac.uk,crohns,19550,24527,24590,625
srv03951.soton.ac.uk,crohns,20695,24527,24590,625
srv03952.soton.ac.uk,crohns,21518,24527,24590,625
srv03953.soton.ac.uk,crohns,18029,24527,24590,625
srv03954.soton.ac.uk,crohns,17185,24527,24590,625
srv03955.soton.ac.uk,crohns,17553,24527,24590,625
srv03812.soton.ac.uk,sarcoma,8351,26237,26259,319
srv03813.soton.ac.uk,sarcoma,19826,26237,26259,319
srv03814.soton.ac.uk,sarcoma,18169,26237,26259,319
srv03815.soton.ac.uk,sarcoma,22074,26237,26259,319
srv03816.soton.ac.uk,sarcoma,26094,26237,26259,319
srv03911.soton.ac.uk,sarcoma,18706,26237,26259,319
srv03912.soton.ac.uk,sarcoma,18746,26237,26259,319
srv03913.soton.ac.uk,sarcoma,18882,26237,26259,319
srv03914.soton.ac.uk,sarcoma,18679,26237,26259,319
srv03915.soton.ac.uk,sarcoma,18365,26237,26259,319
srv03916.soton.ac.uk,sarcoma,18497,26237,26259,319
srv03917.soton.ac.uk,sarcoma,18760,26237,26259,319
srv03918.soton.ac.uk,sarcoma,18898,26237,26259,319
srv03919.soton.ac.uk,sarcoma,19560,26237,26259,319
srv03920.soton.ac.uk,sarcoma,22874,26237,26259,319
srv03921.soton.ac.uk,sarcoma,18393,26237,26259,319
srv03922.soton.ac.uk,sarcoma,18141,26237,26259,319
srv03923.soton.ac.uk,sarcoma,20042,26237,26259,319
srv03924.soton.ac.uk,sarcoma,18383,26237,26259,319
srv03925.soton.ac.uk,sarcoma,20388,26237,26259,319
srv03926.soton.ac.uk,sarcoma,20171,26237,26259,319
srv03927.soton.ac.uk,sarcoma,17208,26237,26259,319
srv03928.soton.ac.uk,sarcoma,17944,26237,26259,319
srv03929.soton.ac.uk,sarcoma,18246,26237,26259,319
srv03930.soton.ac.uk,sarcoma,17078,26237,26259,319
srv03931.soton.ac.uk,sarcoma,23877,26237,26259,319
srv03932.soton.ac.uk,sarcoma,17733,26237,26259,319
srv03933.soton.ac.uk,sarcoma,18402,26237,26259,319
srv03934.soton.ac.uk,sarcoma,23504,26237,26259,319
srv03935.soton.ac.uk,sarcoma,15671,26237,26259,319
srv03936.soton.ac.uk,sarcoma,17767,26237,26259,319
srv03937.soton.ac.uk,sarcoma,18185,26237,26259,319
srv03938.soton.ac.uk,sarcoma,16652,26237,26259,319
srv03939.soton.ac.uk,sarcoma,18504,26237,26259,319
srv03940.soton.ac.uk,sarcoma,18618,26237,26259,319
srv03941.soton.ac.uk,sarcoma,24497,26237,26259,319
srv03942.soton.ac.uk,sarcoma,18098,26237,26259,319
srv03943.soton.ac.uk,sarcoma,18800,26237,26259,319
srv03944.soton.ac.uk,sarcoma,19974,26237,26259,319
srv03945.soton.ac.uk,sarcoma,19868,26237,26259,319
srv03946.soton.ac.uk,sarcoma,15944,26237,26259,319
srv03947.soton.ac.uk,sarcoma,18483,26237,26259,319
srv03948.soton.ac.uk,sarcoma,20221,26237,26259,319
srv03949.soton.ac.uk,sarcoma,16180,26237,26259,319
srv03950.soton.ac.uk,sarcoma,20063,26237,26259,319
srv03951.soton.ac.uk,sarcoma,16771,26237,26259,319
srv03952.soton.ac.uk,sarcoma,19422,26237,26259,319
srv03953.soton.ac.uk,sarcoma,19215,26237,26259,319
srv03954.soton.ac.uk,sarcoma,18226,26237,26259,319
srv03955.soton.ac.uk,sarcoma,18965,26237,26259,319
